par,med,lo,hi,crI
R_eff,1.28243890304777,1.2243097316127,1.32099383759041,1.22-1.32
beta_C,2.63795018664806,1.9088825389323,3.7688589300284,1.91-3.77
beta_H,0.753751966871977,0.058570738804657,1.76741780020992,0.06-1.77
R0,15.5471552744231,11.2736518619109,22.1728247075337,11.27-22.17
kappa,0.28294311810806,0.020287361091971,0.723146723067647,0.02-0.72
p_a,0.518837990155236,0.506706224567727,0.53042723358577,0.51-0.53
per_case_ratio,0.984051342766215,0.072832684205094,2.22989688616549,0.07-2.23
s_C0,0.0823534580646585,0.0577613830089103,0.113646522872113,0.06-0.11
s_H0,0.284699641721853,0.201338894198745,0.37668763599132,0.20-0.38
rho,0.136713459311558,0.0988184566154629,0.193798786273891,0.10-0.19
xi,4.4185119739047,2.52329842956939,7.78786801080753,2.52-7.79
seed,32.0292911767222,21.3434722849013,45.6509474547641,21.34-45.65
phi,23.7908462643111,14.3483879280253,37.3581785068211,14.35-37.36
